{"cpu_time": 0.0, "wallclock_time": 0.00036787986755371094, "evaluations": 0, "cost": 2147483648, "incumbent": {"alpha": 0.9, "ns": 10000.0, "pB": 0.1, "pI": 0.9, "pM": 0.1, "pS": 0.5, "pT": 0.1, "tmax": 1000.0, "tmin": 0.01}, "budget": 0, "origin": "Default"}
{"cpu_time": -1.0, "wallclock_time": 5.104022026062012, "evaluations": 1, "cost": 48801578.0, "incumbent": {"alpha": 0.9, "ns": 10000.0, "pB": 0.1, "pI": 0.9, "pM": 0.1, "pS": 0.5, "pT": 0.1, "tmax": 1000.0, "tmin": 0.01}, "budget": 0, "origin": "Default"}
{"cpu_time": -82.0, "wallclock_time": 537.0005412101746, "evaluations": 82, "cost": 150833216.83333334, "incumbent": {"alpha": 0.7604074559322838, "ns": 235920.7090783447, "pB": 0.1482181776111119, "pI": 0.6593954021848341, "pM": 0.43501430871858404, "pS": 0.8636461502695874, "pT": 0.677897562531441, "tmax": 7797.992775479631, "tmin": 6.466235728611113}, "budget": 0, "origin": "Random Search"}
